URL,StatusCode,Lang,,,Приоритет проверки:
https://1-xbet.ph/en,200,en,,,IP: USA
https://1-xbet.ph/en/allgamesentrance,200,en,,,User agent - Googlebot(Smartphone):
https://1-xbet.ph/en/allgamesentrance/crash,200,en,,,"Mozilla/5.0 (Linux; Android 6.0.1; Nexus 5X Build/MMB29P) AppleWebKit/537.36 (KHTML, like Gecko) Chrome/118.0.5993.70 Mobile Safari/537.36 (compatible; Googlebot/2.1; +http://www.google.com/bot.html)"
https://1-xbet.ph/en/allgamesentrance/spinandwin,200,en,,,
https://1-xbet.ph/en/allgamesentrance/vikings,200,en,,,Дополнительно можно проверить:
https://1-xbet.ph/en/bonus/rules/1st,200,en,,,IP: USA
https://1-xbet.ph/en/casino,200,en,,,User agent Googlebot(Desktop):
https://1-xbet.ph/en/line,200,en,,,Mozilla/5.0 (compatible; Googlebot/2.1; +http://www.google.com/bot.html)
https://1-xbet.ph/en/line/basketball,200,en,,,
https://1-xbet.ph/en/line/cricket,200,en,,,"Проверять отдельно:
"
https://1-xbet.ph/en/line/football,200,en,,,- Html без рендеринга JS (приоритет 1)
https://1-xbet.ph/en/line/football/2718323-olympic-summer-games-2024,200,en,,,- с рендерингом JS  (приоритет 2)
https://1-xbet.ph/en/line/horse-racing,200,en,,,
https://1-xbet.ph/en/line/ice-hockey,200,en,,,
https://1-xbet.ph/en/line/table-tennis,200,en,,,
https://1-xbet.ph/en/line/volleyball,200,en,,,
https://1-xbet.ph/en/live,200,en,,,
https://1-xbet.ph/en/live/basketball,200,en,,,
https://1-xbet.ph/en/live/cricket,200,en,,,
https://1-xbet.ph/en/live/football,200,en,,,
https://1-xbet.ph/en/live/horse-racing,200,en,,,
https://1-xbet.ph/en/live/ice-hockey,200,en,,,
https://1-xbet.ph/en/live/table-tennis,200,en,,,
https://1-xbet.ph/en/live/volleyball,200,en,,,
https://1-xbet.ph/en/mobile,200,en,,,
https://1-xbet.ph/en/promo,200,en,,,
https://1-xbet.ph/en/registration,200,en,,,
https://1-xbet.ph/en/slots,200,en,,,
https://1-xbet.ph/en/user/login,200,en,,,
https://1xbet.co.nz/en,200,en,,,
https://1xbet.co.nz/en/allgamesentrance,200,en,,,
https://1xbet.co.nz/en/allgamesentrance/crash,200,en,,,
https://1xbet.co.nz/en/allgamesentrance/spinandwin,200,en,,,
https://1xbet.co.nz/en/allgamesentrance/vikings,200,en,,,
https://1xbet.co.nz/en/bonus/rules/1st,200,en,,,
https://1xbet.co.nz/en/casino,200,en,,,
https://1xbet.co.nz/en/line,200,en,,,
https://1xbet.co.nz/en/line/basketball,200,en,,,
https://1xbet.co.nz/en/line/cricket,200,en,,,
https://1xbet.co.nz/en/line/football,200,en,,,
https://1xbet.co.nz/en/line/football/2718323-olympic-summer-games-2024,200,en,,,
https://1xbet.co.nz/en/line/horse-racing,200,en,,,
https://1xbet.co.nz/en/line/ice-hockey,200,en,,,
https://1xbet.co.nz/en/line/table-tennis,200,en,,,
https://1xbet.co.nz/en/line/volleyball,200,en,,,
https://1xbet.co.nz/en/live,200,en,,,
https://1xbet.co.nz/en/live/basketball,200,en,,,
https://1xbet.co.nz/en/live/cricket,200,en,,,
https://1xbet.co.nz/en/live/football,200,en,,,
https://1xbet.co.nz/en/live/horse-racing,200,en,,,
https://1xbet.co.nz/en/live/ice-hockey,200,en,,,
https://1xbet.co.nz/en/live/table-tennis,200,en,,,
https://1xbet.co.nz/en/live/volleyball,200,en,,,
https://1xbet.co.nz/en/mobile,200,en,,,
https://1xbet.co.nz/en/promo,200,en,,,
https://1xbet.co.nz/en/registration,200,en,,,
https://1xbet.co.nz/en/slots,200,en,,,
https://1xbet.co.nz/en/user/login,200,en,,,
https://1xbet.com.lr/en,200,en,,,
https://1xbet.com.lr/en/allgamesentrance,200,en,,,
https://1xbet.com.lr/en/allgamesentrance/crash,200,en,,,
https://1xbet.com.lr/en/allgamesentrance/spinandwin,200,en,,,
https://1xbet.com.lr/en/allgamesentrance/vikings,200,en,,,
https://1xbet.com.lr/en/bonus/rules/1st,200,en,,,
https://1xbet.com.lr/en/casino,200,en,,,
https://1xbet.com.lr/en/line,200,en,,,
https://1xbet.com.lr/en/line/basketball,200,en,,,
https://1xbet.com.lr/en/line/cricket,200,en,,,
https://1xbet.com.lr/en/line/football,200,en,,,
https://1xbet.com.lr/en/line/football/2718323-olympic-summer-games-2024,200,en,,,
https://1xbet.com.lr/en/line/horse-racing,200,en,,,
https://1xbet.com.lr/en/line/ice-hockey,200,en,,,
https://1xbet.com.lr/en/line/table-tennis,200,en,,,
https://1xbet.com.lr/en/line/volleyball,200,en,,,
https://1xbet.com.lr/en/live,200,en,,,
https://1xbet.com.lr/en/live/basketball,200,en,,,
https://1xbet.com.lr/en/live/cricket,200,en,,,
https://1xbet.com.lr/en/live/football,200,en,,,
https://1xbet.com.lr/en/live/horse-racing,200,en,,,
https://1xbet.com.lr/en/live/ice-hockey,200,en,,,
https://1xbet.com.lr/en/live/table-tennis,200,en,,,
https://1xbet.com.lr/en/live/volleyball,200,en,,,
https://1xbet.com.lr/en/mobile,200,en,,,
https://1xbet.com.lr/en/promo,200,en,,,
https://1xbet.com.lr/en/registration,200,en,,,
https://1xbet.com.lr/en/slots,200,en,,,
https://1xbet.com.lr/en/user/login,200,en,,,
https://1xbet.et/en,200,en,,,
https://1xbet.et/en/bonus/rules/1st,200,en,,,
https://1xbet.et/en/casino,200,en,,,
https://1xbet.et/en/line,200,en,,,
https://1xbet.et/en/line/basketball,200,en,,,
https://1xbet.et/en/line/cricket,200,en,,,
https://1xbet.et/en/line/football,200,en,,,
https://1xbet.et/en/line/football/2718323-olympic-summer-games-2024,200,en,,,
https://1xbet.et/en/line/horse-racing,200,en,,,
https://1xbet.et/en/line/ice-hockey,200,en,,,
https://1xbet.et/en/line/table-tennis,200,en,,,
https://1xbet.et/en/line/volleyball,200,en,,,
https://1xbet.et/en/live,200,en,,,
https://1xbet.et/en/live/basketball,200,en,,,
https://1xbet.et/en/live/cricket,200,en,,,
https://1xbet.et/en/live/football,200,en,,,
https://1xbet.et/en/live/horse-racing,200,en,,,
https://1xbet.et/en/live/ice-hockey,200,en,,,
https://1xbet.et/en/live/table-tennis,200,en,,,
https://1xbet.et/en/live/volleyball,200,en,,,
https://1xbet.et/en/mobile,200,en,,,
https://1xbet.et/en/promo,200,en,,,
https://1xbet.et/en/registration,200,en,,,
https://1xbet.et/en/slots,200,en,,,
https://1xbet.et/en/user/login,200,en,,,
https://1xbet.ie/en,200,en,,,
https://1xbet.ie/en/allgamesentrance,200,en,,,
https://1xbet.ie/en/allgamesentrance/crash,200,en,,,
https://1xbet.ie/en/allgamesentrance/spinandwin,200,en,,,
https://1xbet.ie/en/allgamesentrance/vikings,200,en,,,
https://1xbet.ie/en/bonus/rules/1st,200,en,,,
https://1xbet.ie/en/casino,200,en,,,
https://1xbet.ie/en/line,200,en,,,
https://1xbet.ie/en/line/basketball,200,en,,,
https://1xbet.ie/en/line/cricket,200,en,,,
https://1xbet.ie/en/line/football,200,en,,,
https://1xbet.ie/en/line/football/2718323-olympic-summer-games-2024,200,en,,,
https://1xbet.ie/en/line/horse-racing,200,en,,,
https://1xbet.ie/en/line/ice-hockey,200,en,,,
https://1xbet.ie/en/line/table-tennis,200,en,,,
https://1xbet.ie/en/line/volleyball,200,en,,,
https://1xbet.ie/en/live,200,en,,,
https://1xbet.ie/en/live/basketball,200,en,,,
https://1xbet.ie/en/live/cricket,200,en,,,
https://1xbet.ie/en/live/football,200,en,,,
https://1xbet.ie/en/live/horse-racing,200,en,,,
https://1xbet.ie/en/live/ice-hockey,200,en,,,
https://1xbet.ie/en/live/table-tennis,200,en,,,
https://1xbet.ie/en/live/volleyball,200,en,,,
https://1xbet.ie/en/mobile,200,en,,,
https://1xbet.ie/en/promo,200,en,,,
https://1xbet.ie/en/registration,200,en,,,
https://1xbet.ie/en/slots,200,en,,,
https://1xbet.ie/en/user/login,200,en,,,
https://1xbet.mobi/en,200,en,,,
https://1xbet.mobi/en/allgamesentrance,200,en,,,
https://1xbet.mobi/en/allgamesentrance/crash,200,en,,,
https://1xbet.mobi/en/allgamesentrance/spinandwin,200,en,,,
https://1xbet.mobi/en/allgamesentrance/vikings,200,en,,,
https://1xbet.mobi/en/bonus/rules/1st,200,en,,,
https://1xbet.mobi/en/casino,200,en,,,
https://1xbet.mobi/en/line,200,en,,,
https://1xbet.mobi/en/line/basketball,200,en,,,
https://1xbet.mobi/en/line/cricket,200,en,,,
https://1xbet.mobi/en/line/football,200,en,,,
https://1xbet.mobi/en/line/football/2718323-olympic-summer-games-2024,200,en,,,
https://1xbet.mobi/en/line/horse-racing,200,en,,,
https://1xbet.mobi/en/line/ice-hockey,200,en,,,
https://1xbet.mobi/en/line/table-tennis,200,en,,,
https://1xbet.mobi/en/line/volleyball,200,en,,,
https://1xbet.mobi/en/live,200,en,,,
https://1xbet.mobi/en/live/basketball,200,en,,,
https://1xbet.mobi/en/live/cricket,200,en,,,
https://1xbet.mobi/en/live/football,200,en,,,
https://1xbet.mobi/en/live/horse-racing,200,en,,,
https://1xbet.mobi/en/live/ice-hockey,200,en,,,
https://1xbet.mobi/en/live/table-tennis,200,en,,,
https://1xbet.mobi/en/live/volleyball,200,en,,,
https://1xbet.mobi/en/mobile,200,en,,,
https://1xbet.mobi/en/promo,200,en,,,
https://1xbet.mobi/en/registration,200,en,,,
https://1xbet.mobi/en/slots,200,en,,,
https://1xbet.mobi/en/user/login,200,en,,,
https://1xbet.mobi/es,200,es,,,
https://1xbet.mobi/es/allgamesentrance,200,es,,,
https://1xbet.mobi/es/allgamesentrance/crash,200,es,,,
https://1xbet.mobi/es/allgamesentrance/spinandwin,200,es,,,
https://1xbet.mobi/es/allgamesentrance/vikings,200,es,,,
https://1xbet.mobi/es/bonus/rules/1st,200,es,,,
https://1xbet.mobi/es/casino,200,es,,,
https://1xbet.mobi/es/line,200,es,,,
https://1xbet.mobi/es/line/basketball,200,es,,,
https://1xbet.mobi/es/line/cricket,200,es,,,
https://1xbet.mobi/es/line/football,200,es,,,
https://1xbet.mobi/es/line/football/2718323-olympic-summer-games-2024,200,es,,,
https://1xbet.mobi/es/line/horse-racing,200,es,,,
https://1xbet.mobi/es/line/ice-hockey,200,es,,,
https://1xbet.mobi/es/line/table-tennis,200,es,,,
https://1xbet.mobi/es/line/volleyball,200,es,,,
https://1xbet.mobi/es/live,200,es,,,
https://1xbet.mobi/es/live/basketball,200,es,,,
https://1xbet.mobi/es/live/cricket,200,es,,,
https://1xbet.mobi/es/live/football,200,es,,,
https://1xbet.mobi/es/live/horse-racing,200,es,,,
https://1xbet.mobi/es/live/ice-hockey,200,es,,,
https://1xbet.mobi/es/live/table-tennis,200,es,,,
https://1xbet.mobi/es/live/volleyball,200,es,,,
https://1xbet.mobi/es/mobile,200,es,,,
https://1xbet.mobi/es/promo,200,es,,,
https://1xbet.mobi/es/registration,200,es,,,
https://1xbet.mobi/es/slots,200,es,,,
https://1xbet.mobi/es/user/login,200,es,,,
https://1xbet.mobi/fr,200,fr,,,
https://1xbet.mobi/fr/allgamesentrance,200,fr,,,
https://1xbet.mobi/fr/allgamesentrance/crash,200,fr,,,
https://1xbet.mobi/fr/allgamesentrance/spinandwin,200,fr,,,
https://1xbet.mobi/fr/allgamesentrance/vikings,200,fr,,,
https://1xbet.mobi/fr/bonus/rules/1st,200,fr,,,
https://1xbet.mobi/fr/casino,200,fr,,,
https://1xbet.mobi/fr/line,200,fr,,,
https://1xbet.mobi/fr/line/basketball,200,fr,,,
https://1xbet.mobi/fr/line/cricket,200,fr,,,
https://1xbet.mobi/fr/line/football,200,fr,,,
https://1xbet.mobi/fr/line/football/2718323-olympic-summer-games-2024,200,fr,,,
https://1xbet.mobi/fr/line/horse-racing,200,fr,,,
https://1xbet.mobi/fr/line/ice-hockey,200,fr,,,
https://1xbet.mobi/fr/line/table-tennis,200,fr,,,
https://1xbet.mobi/fr/line/volleyball,200,fr,,,
https://1xbet.mobi/fr/live,200,fr,,,
https://1xbet.mobi/fr/live/basketball,200,fr,,,
https://1xbet.mobi/fr/live/cricket,200,fr,,,
https://1xbet.mobi/fr/live/football,200,fr,,,
https://1xbet.mobi/fr/live/horse-racing,200,fr,,,
https://1xbet.mobi/fr/live/ice-hockey,200,fr,,,
https://1xbet.mobi/fr/live/table-tennis,200,fr,,,
https://1xbet.mobi/fr/live/volleyball,200,fr,,,
https://1xbet.mobi/fr/mobile,200,fr,,,
https://1xbet.mobi/fr/promo,200,fr,,,
https://1xbet.mobi/fr/registration,200,fr,,,
https://1xbet.mobi/fr/slots,200,fr,,,
https://1xbet.mobi/fr/user/login,200,fr,,,
https://1xbet.mobi/ru,200,ru,,,
https://1xbet.mobi/ru/allgamesentrance,200,ru,,,
https://1xbet.mobi/ru/allgamesentrance/crash,200,ru,,,
https://1xbet.mobi/ru/allgamesentrance/spinandwin,200,ru,,,
https://1xbet.mobi/ru/allgamesentrance/vikings,200,ru,,,
https://1xbet.mobi/ru/bonus/rules/1st,200,ru,,,
https://1xbet.mobi/ru/casino,200,ru,,,
https://1xbet.mobi/ru/line,200,ru,,,
https://1xbet.mobi/ru/line/basketball,200,ru,,,
https://1xbet.mobi/ru/line/cricket,200,ru,,,
https://1xbet.mobi/ru/line/football,200,ru,,,
https://1xbet.mobi/ru/line/football/2718323-olympic-summer-games-2024,200,ru,,,
https://1xbet.mobi/ru/line/horse-racing,200,ru,,,
https://1xbet.mobi/ru/line/ice-hockey,200,ru,,,
https://1xbet.mobi/ru/line/table-tennis,200,ru,,,
https://1xbet.mobi/ru/line/volleyball,200,ru,,,
https://1xbet.mobi/ru/live,200,ru,,,
https://1xbet.mobi/ru/live/basketball,200,ru,,,
https://1xbet.mobi/ru/live/cricket,200,ru,,,
https://1xbet.mobi/ru/live/football,200,ru,,,
https://1xbet.mobi/ru/live/horse-racing,200,ru,,,
https://1xbet.mobi/ru/live/ice-hockey,200,ru,,,
https://1xbet.mobi/ru/live/table-tennis,200,ru,,,
https://1xbet.mobi/ru/live/volleyball,200,ru,,,
https://1xbet.mobi/ru/mobile,200,ru,,,
https://1xbet.mobi/ru/promo,200,ru,,,
https://1xbet.mobi/ru/registration,200,ru,,,
https://1xbet.mobi/ru/slots,200,ru,,,
https://1xbet.mobi/ru/user/login,200,ru,,,
https://1xbet.tm/en,200,en,,,
https://1xbet.tm/en/allgamesentrance,200,en,,,
https://1xbet.tm/en/allgamesentrance/crash,200,en,,,
https://1xbet.tm/en/allgamesentrance/spinandwin,200,en,,,
https://1xbet.tm/en/allgamesentrance/vikings,200,en,,,
https://1xbet.tm/en/bonus/rules/1st,200,en,,,
https://1xbet.tm/en/casino,200,en,,,
https://1xbet.tm/en/line,200,en,,,
https://1xbet.tm/en/line/basketball,200,en,,,
https://1xbet.tm/en/line/cricket,200,en,,,
https://1xbet.tm/en/line/football,200,en,,,
https://1xbet.tm/en/line/football/2718323-olympic-summer-games-2024,200,en,,,
https://1xbet.tm/en/line/horse-racing,200,en,,,
https://1xbet.tm/en/line/ice-hockey,200,en,,,
https://1xbet.tm/en/line/table-tennis,200,en,,,
https://1xbet.tm/en/line/volleyball,200,en,,,
https://1xbet.tm/en/live,200,en,,,
https://1xbet.tm/en/live/basketball,200,en,,,
https://1xbet.tm/en/live/cricket,200,en,,,
https://1xbet.tm/en/live/football,200,en,,,
https://1xbet.tm/en/live/horse-racing,200,en,,,
https://1xbet.tm/en/live/ice-hockey,200,en,,,
https://1xbet.tm/en/live/table-tennis,200,en,,,
https://1xbet.tm/en/live/volleyball,200,en,,,
https://1xbet.tm/en/mobile,200,en,,,
https://1xbet.tm/en/promo,200,en,,,
https://1xbet.tm/en/registration,200,en,,,
https://1xbet.tm/en/slots,200,en,,,
https://1xbet.tm/en/user/login,200,en,,,
https://1xbet.tm/ru,200,ru,,,
https://1xbet.tm/ru/allgamesentrance,200,ru,,,
https://1xbet.tm/ru/allgamesentrance/crash,200,ru,,,
https://1xbet.tm/ru/allgamesentrance/spinandwin,200,ru,,,
https://1xbet.tm/ru/allgamesentrance/vikings,200,ru,,,
https://1xbet.tm/ru/bonus/rules/1st,200,ru,,,
https://1xbet.tm/ru/casino,200,ru,,,
https://1xbet.tm/ru/line,200,ru,,,
https://1xbet.tm/ru/line/basketball,200,ru,,,
https://1xbet.tm/ru/line/cricket,200,ru,,,
https://1xbet.tm/ru/line/football,200,ru,,,
https://1xbet.tm/ru/line/football/2718323-olympic-summer-games-2024,200,ru,,,
https://1xbet.tm/ru/line/horse-racing,200,ru,,,
https://1xbet.tm/ru/line/ice-hockey,200,ru,,,
https://1xbet.tm/ru/line/table-tennis,200,ru,,,
https://1xbet.tm/ru/line/volleyball,200,ru,,,
https://1xbet.tm/ru/live,200,ru,,,
https://1xbet.tm/ru/live/basketball,200,ru,,,
https://1xbet.tm/ru/live/cricket,200,ru,,,
https://1xbet.tm/ru/live/football,200,ru,,,
https://1xbet.tm/ru/live/horse-racing,200,ru,,,
https://1xbet.tm/ru/live/ice-hockey,200,ru,,,
https://1xbet.tm/ru/live/table-tennis,200,ru,,,
https://1xbet.tm/ru/live/volleyball,200,ru,,,
https://1xbet.tm/ru/mobile,200,ru,,,
https://1xbet.tm/ru/promo,200,ru,,,
https://1xbet.tm/ru/registration,200,ru,,,
https://1xbet.tm/ru/slots,200,ru,,,
https://1xbet.tm/ru/user/login,200,ru,,,
https://1xbetnp.com/en,200,en,,,
https://1xbetnp.com/en/allgamesentrance,200,en,,,
https://1xbetnp.com/en/allgamesentrance/crash,200,en,,,
https://1xbetnp.com/en/allgamesentrance/spinandwin,200,en,,,
https://1xbetnp.com/en/allgamesentrance/vikings,200,en,,,
https://1xbetnp.com/en/bonus/rules/1st,200,en,,,
https://1xbetnp.com/en/casino,200,en,,,
https://1xbetnp.com/en/line,200,en,,,
https://1xbetnp.com/en/line/basketball,200,en,,,
https://1xbetnp.com/en/line/cricket,200,en,,,
https://1xbetnp.com/en/line/football,200,en,,,
https://1xbetnp.com/en/line/football/2718323-olympic-summer-games-2024,200,en,,,
https://1xbetnp.com/en/line/horse-racing,200,en,,,
https://1xbetnp.com/en/line/ice-hockey,200,en,,,
https://1xbetnp.com/en/line/table-tennis,200,en,,,
https://1xbetnp.com/en/line/volleyball,200,en,,,
https://1xbetnp.com/en/live,200,en,,,
https://1xbetnp.com/en/live/basketball,200,en,,,
https://1xbetnp.com/en/live/cricket,200,en,,,
https://1xbetnp.com/en/live/football,200,en,,,
https://1xbetnp.com/en/live/horse-racing,200,en,,,
https://1xbetnp.com/en/live/ice-hockey,200,en,,,
https://1xbetnp.com/en/live/table-tennis,200,en,,,
https://1xbetnp.com/en/live/volleyball,200,en,,,
https://1xbetnp.com/en/mobile,200,en,,,
https://1xbetnp.com/en/promo,200,en,,,
https://1xbetnp.com/en/registration,200,en,,,
https://1xbetnp.com/en/slots,200,en,,,
https://1xbetnp.com/en/user/login,200,en,,,
https://1xcasino.com/bn,200,bn,,,
https://1xcasino.com/bn/allgamesentrance,200,bn,,,
https://1xcasino.com/bn/allgamesentrance/crash,200,bn,,,
https://1xcasino.com/bn/allgamesentrance/killerclubs,200,bn,,,
https://1xcasino.com/bn/allgamesentrance/lucky,200,bn,,,
https://1xcasino.com/bn/allgamesentrance/spinandwin,200,bn,,,
https://1xcasino.com/bn/allgamesentrance/vikings,200,bn,,,
https://1xcasino.com/bn/bonus/rules/1st,200,bn,,,
https://1xcasino.com/bn/casino,200,bn,,,
https://1xcasino.com/bn/mobile,200,bn,,,
https://1xcasino.com/bn/registration,200,bn,,,
https://1xcasino.com/bn/slots,200,bn,,,
https://1xcasino.com/bn/slots/3d-slots,200,bn,,,
https://1xcasino.com/bn/user/login,200,bn,,,
https://1xcasino.com/en,200,en,,,
https://1xcasino.com/en/allgamesentrance,200,en,,,
https://1xcasino.com/en/allgamesentrance/crash,200,en,,,
https://1xcasino.com/en/allgamesentrance/killerclubs,200,en,,,
https://1xcasino.com/en/allgamesentrance/lucky,200,en,,,
https://1xcasino.com/en/allgamesentrance/spinandwin,200,en,,,
https://1xcasino.com/en/allgamesentrance/vikings,200,en,,,
https://1xcasino.com/en/bonus/rules/1st,200,en,,,
https://1xcasino.com/en/casino,200,en,,,
https://1xcasino.com/en/mobile,200,en,,,
https://1xcasino.com/en/registration,200,en,,,
https://1xcasino.com/en/slots,200,en,,,
https://1xcasino.com/en/slots/3d-slots,200,en,,,
https://1xcasino.com/en/user/login,200,en,,,
https://1xcasino.com/tr,200,tr,,,
https://1xcasino.com/tr/allgamesentrance,200,tr,,,
https://1xcasino.com/tr/allgamesentrance/crash,200,tr,,,
https://1xcasino.com/tr/allgamesentrance/killerclubs,200,tr,,,
https://1xcasino.com/tr/allgamesentrance/lucky,200,tr,,,
https://1xcasino.com/tr/allgamesentrance/spinandwin,200,tr,,,
https://1xcasino.com/tr/allgamesentrance/vikings,200,tr,,,
https://1xcasino.com/tr/bonus/rules/1st,200,tr,,,
https://1xcasino.com/tr/casino,200,tr,,,
https://1xcasino.com/tr/mobile,200,tr,,,
https://1xcasino.com/tr/registration,200,tr,,,
https://1xcasino.com/tr/slots,200,tr,,,
https://1xcasino.com/tr/slots/3d-slots,200,tr,,,
https://1xcasino.com/tr/user/login,200,tr,,,
https://1xcinta.com/en,200,en,,,
https://1xcinta.com/en/allgamesentrance,200,en,,,
https://1xcinta.com/en/allgamesentrance/crash,200,en,,,
https://1xcinta.com/en/allgamesentrance/spinandwin,200,en,,,
https://1xcinta.com/en/allgamesentrance/vikings,200,en,,,
https://1xcinta.com/en/bonus/rules/1st,200,en,,,
https://1xcinta.com/en/casino,200,en,,,
https://1xcinta.com/en/line,200,en,,,
https://1xcinta.com/en/line/basketball,200,en,,,
https://1xcinta.com/en/line/cricket,200,en,,,
https://1xcinta.com/en/line/football,200,en,,,
https://1xcinta.com/en/line/football/2718323-olympic-summer-games-2024,200,en,,,
https://1xcinta.com/en/line/horse-racing,200,en,,,
https://1xcinta.com/en/line/ice-hockey,200,en,,,
https://1xcinta.com/en/line/table-tennis,200,en,,,
https://1xcinta.com/en/line/volleyball,200,en,,,
https://1xcinta.com/en/live,200,en,,,
https://1xcinta.com/en/live/basketball,200,en,,,
https://1xcinta.com/en/live/cricket,200,en,,,
https://1xcinta.com/en/live/football,200,en,,,
https://1xcinta.com/en/live/horse-racing,200,en,,,
https://1xcinta.com/en/live/ice-hockey,200,en,,,
https://1xcinta.com/en/live/table-tennis,200,en,,,
https://1xcinta.com/en/live/volleyball,200,en,,,
https://1xcinta.com/en/mobile,200,en,,,
https://1xcinta.com/en/promo,200,en,,,
https://1xcinta.com/en/registration,200,en,,,
https://1xcinta.com/en/slots,200,en,,,
https://1xcinta.com/en/user/login,200,en,,,
https://bd.melbet.com/bn,200,bn,,,
https://bd.melbet.com/bn/allgamesentrance,200,bn,,,
https://bd.melbet.com/bn/allgamesentrance/crash,200,bn,,,
https://bd.melbet.com/bn/allgamesentrance/spinandwin,200,bn,,,
https://bd.melbet.com/bn/allgamesentrance/vikings,200,bn,,,
https://bd.melbet.com/bn/bonus/rules/1st,200,bn,,,
https://bd.melbet.com/bn/casino,200,bn,,,
https://bd.melbet.com/bn/line,200,bn,,,
https://bd.melbet.com/bn/line/basketball,200,bn,,,
https://bd.melbet.com/bn/line/cricket,200,bn,,,
https://bd.melbet.com/bn/line/football,200,bn,,,
https://bd.melbet.com/bn/line/football/2718323-olympic-summer-games-2024,200,bn,,,
https://bd.melbet.com/bn/line/horse-racing,200,bn,,,
https://bd.melbet.com/bn/line/ice-hockey,200,bn,,,
https://bd.melbet.com/bn/line/table-tennis,200,bn,,,
https://bd.melbet.com/bn/line/volleyball,200,bn,,,
https://bd.melbet.com/bn/live,200,bn,,,
https://bd.melbet.com/bn/live/basketball,200,bn,,,
https://bd.melbet.com/bn/live/cricket,200,bn,,,
https://bd.melbet.com/bn/live/football,200,bn,,,
https://bd.melbet.com/bn/live/horse-racing,200,bn,,,
https://bd.melbet.com/bn/live/ice-hockey,200,bn,,,
https://bd.melbet.com/bn/live/table-tennis,200,bn,,,
https://bd.melbet.com/bn/live/volleyball,200,bn,,,
https://bd.melbet.com/bn/mobile,200,bn,,,
https://bd.melbet.com/bn/promo,200,bn,,,
https://bd.melbet.com/bn/registration,200,bn,,,
https://bd.melbet.com/bn/slots,200,bn,,,
https://bd.melbet.com/bn/user/login,200,bn,,,
https://bd.melbet.com/en,200,en,,,
https://bd.melbet.com/en/allgamesentrance,200,en,,,
https://bd.melbet.com/en/allgamesentrance/crash,200,en,,,
https://bd.melbet.com/en/allgamesentrance/spinandwin,200,en,,,
https://bd.melbet.com/en/allgamesentrance/vikings,200,en,,,
https://bd.melbet.com/en/bonus/rules/1st,200,en,,,
https://bd.melbet.com/en/casino,200,en,,,
https://bd.melbet.com/en/line,200,en,,,
https://bd.melbet.com/en/line/basketball,200,en,,,
https://bd.melbet.com/en/line/cricket,200,en,,,
https://bd.melbet.com/en/line/football,200,en,,,
https://bd.melbet.com/en/line/football/2718323-olympic-summer-games-2024,200,en,,,
https://bd.melbet.com/en/line/horse-racing,200,en,,,
https://bd.melbet.com/en/line/ice-hockey,200,en,,,
https://bd.melbet.com/en/line/table-tennis,200,en,,,
https://bd.melbet.com/en/line/volleyball,200,en,,,
https://bd.melbet.com/en/live,200,en,,,
https://bd.melbet.com/en/live/basketball,200,en,,,
https://bd.melbet.com/en/live/cricket,200,en,,,
https://bd.melbet.com/en/live/football,200,en,,,
https://bd.melbet.com/en/live/horse-racing,200,en,,,
https://bd.melbet.com/en/live/ice-hockey,200,en,,,
https://bd.melbet.com/en/live/table-tennis,200,en,,,
https://bd.melbet.com/en/live/volleyball,200,en,,,
https://bd.melbet.com/en/mobile,200,en,,,
https://bd.melbet.com/en/promo,200,en,,,
https://bd.melbet.com/en/registration,200,en,,,
https://bd.melbet.com/en/slots,200,en,,,
https://bd.melbet.com/en/user/login,200,en,,,
https://br.melbet.com/br,200,br,,,
https://br.melbet.com/br/allgamesentrance,200,br,,,
https://br.melbet.com/br/allgamesentrance/crash,200,br,,,
https://br.melbet.com/br/allgamesentrance/spinandwin,200,br,,,
https://br.melbet.com/br/allgamesentrance/vikings,200,br,,,
https://br.melbet.com/br/bonus/rules/1st,200,br,,,
https://br.melbet.com/br/casino,200,br,,,
https://br.melbet.com/br/line,200,br,,,
https://br.melbet.com/br/line/basketball,200,br,,,
https://br.melbet.com/br/line/cricket,200,br,,,
https://br.melbet.com/br/line/football,200,br,,,
https://br.melbet.com/br/line/football/2718323-olympic-summer-games-2024,200,br,,,
https://br.melbet.com/br/line/horse-racing,200,br,,,
https://br.melbet.com/br/line/ice-hockey,200,br,,,
https://br.melbet.com/br/line/table-tennis,200,br,,,
https://br.melbet.com/br/line/volleyball,200,br,,,
https://br.melbet.com/br/live,200,br,,,
https://br.melbet.com/br/live/basketball,200,br,,,
https://br.melbet.com/br/live/cricket,200,br,,,
https://br.melbet.com/br/live/football,200,br,,,
https://br.melbet.com/br/live/horse-racing,200,br,,,
https://br.melbet.com/br/live/ice-hockey,200,br,,,
https://br.melbet.com/br/live/table-tennis,200,br,,,
https://br.melbet.com/br/live/volleyball,200,br,,,
https://br.melbet.com/br/mobile,200,br,,,
https://br.melbet.com/br/promo,200,br,,,
https://br.melbet.com/br/registration,200,br,,,
https://br.melbet.com/br/slots,200,br,,,
https://br.melbet.com/br/user/login,200,br,,,
https://mel-bet.in/en,200,en,,,
https://mel-bet.in/en/allgamesentrance,200,en,,,
https://mel-bet.in/en/allgamesentrance/crash,200,en,,,
https://mel-bet.in/en/allgamesentrance/spinandwin,200,en,,,
https://mel-bet.in/en/allgamesentrance/vikings,200,en,,,
https://mel-bet.in/en/bonus/rules/1st,200,en,,,
https://mel-bet.in/en/casino,200,en,,,
https://mel-bet.in/en/line,200,en,,,
https://mel-bet.in/en/line/basketball,200,en,,,
https://mel-bet.in/en/line/cricket,200,en,,,
https://mel-bet.in/en/line/football,200,en,,,
https://mel-bet.in/en/line/football/2718323-olympic-summer-games-2024,200,en,,,
https://mel-bet.in/en/line/horse-racing,200,en,,,
https://mel-bet.in/en/line/ice-hockey,200,en,,,
https://mel-bet.in/en/line/table-tennis,200,en,,,
https://mel-bet.in/en/line/volleyball,200,en,,,
https://mel-bet.in/en/live,200,en,,,
https://mel-bet.in/en/live/basketball,200,en,,,
https://mel-bet.in/en/live/cricket,200,en,,,
https://mel-bet.in/en/live/football,200,en,,,
https://mel-bet.in/en/live/horse-racing,200,en,,,
https://mel-bet.in/en/live/ice-hockey,200,en,,,
https://mel-bet.in/en/live/table-tennis,200,en,,,
https://mel-bet.in/en/live/volleyball,200,en,,,
https://mel-bet.in/en/mobile,200,en,,,
https://mel-bet.in/en/promo,200,en,,,
https://mel-bet.in/en/registration,200,en,,,
https://mel-bet.in/en/slots,200,en,,,
https://mel-bet.in/en/user/login,200,en,,,
https://melbet.com/ar,200,ar,,,
https://melbet.com/ar/allgamesentrance,200,ar,,,
https://melbet.com/ar/allgamesentrance/crash,200,ar,,,
https://melbet.com/ar/allgamesentrance/spinandwin,200,ar,,,
https://melbet.com/ar/allgamesentrance/vikings,200,ar,,,
https://melbet.com/ar/bonus/rules/1st,200,ar,,,
https://melbet.com/ar/casino,200,ar,,,
https://melbet.com/ar/line,200,ar,,,
https://melbet.com/ar/line/basketball,200,ar,,,
https://melbet.com/ar/line/cricket,200,ar,,,
https://melbet.com/ar/line/football,200,ar,,,
https://melbet.com/ar/line/football/2718323-olympic-summer-games-2024,200,ar,,,
https://melbet.com/ar/line/horse-racing,200,ar,,,
https://melbet.com/ar/line/ice-hockey,200,ar,,,
https://melbet.com/ar/line/table-tennis,200,ar,,,
https://melbet.com/ar/line/volleyball,200,ar,,,
https://melbet.com/ar/live,200,ar,,,
https://melbet.com/ar/live/basketball,200,ar,,,
https://melbet.com/ar/live/cricket,200,ar,,,
https://melbet.com/ar/live/football,200,ar,,,
https://melbet.com/ar/live/horse-racing,200,ar,,,
https://melbet.com/ar/live/ice-hockey,200,ar,,,
https://melbet.com/ar/live/table-tennis,200,ar,,,
https://melbet.com/ar/live/volleyball,200,ar,,,
https://melbet.com/ar/mobile,200,ar,,,
https://melbet.com/ar/promo,200,ar,,,
https://melbet.com/ar/registration,200,ar,,,
https://melbet.com/ar/slots,200,ar,,,
https://melbet.com/ar/user/login,200,ar,,,
https://melbet.com/az,200,az,,,
https://melbet.com/az/allgamesentrance,200,az,,,
https://melbet.com/az/allgamesentrance/crash,200,az,,,
https://melbet.com/az/allgamesentrance/spinandwin,200,az,,,
https://melbet.com/az/allgamesentrance/vikings,200,az,,,
https://melbet.com/az/bonus/rules/1st,200,az,,,
https://melbet.com/az/casino,200,az,,,
https://melbet.com/az/line,200,az,,,
https://melbet.com/az/line/basketball,200,az,,,
https://melbet.com/az/line/cricket,200,az,,,
https://melbet.com/az/line/football,200,az,,,
https://melbet.com/az/line/football/2718323-olympic-summer-games-2024,200,az,,,
https://melbet.com/az/line/horse-racing,200,az,,,
https://melbet.com/az/line/ice-hockey,200,az,,,
https://melbet.com/az/line/table-tennis,200,az,,,
https://melbet.com/az/line/volleyball,200,az,,,
https://melbet.com/az/live,200,az,,,
https://melbet.com/az/live/basketball,200,az,,,
https://melbet.com/az/live/cricket,200,az,,,
https://melbet.com/az/live/football,200,az,,,
https://melbet.com/az/live/horse-racing,200,az,,,
https://melbet.com/az/live/ice-hockey,200,az,,,
https://melbet.com/az/live/table-tennis,200,az,,,
https://melbet.com/az/live/volleyball,200,az,,,
https://melbet.com/az/mobile,200,az,,,
https://melbet.com/az/promo,200,az,,,
https://melbet.com/az/registration,200,az,,,
https://melbet.com/az/slots,200,az,,,
https://melbet.com/az/user/login,200,az,,,
https://melbet.com/bn,200,bn,,,
https://melbet.com/bn/allgamesentrance,200,bn,,,
https://melbet.com/bn/allgamesentrance/crash,200,bn,,,
https://melbet.com/bn/allgamesentrance/spinandwin,200,bn,,,
https://melbet.com/bn/allgamesentrance/vikings,200,bn,,,
https://melbet.com/bn/bonus/rules/1st,200,bn,,,
https://melbet.com/bn/casino,200,bn,,,
https://melbet.com/bn/line,200,bn,,,
https://melbet.com/bn/line/basketball,200,bn,,,
https://melbet.com/bn/line/cricket,200,bn,,,
https://melbet.com/bn/line/football,200,bn,,,
https://melbet.com/bn/line/football/2718323-olympic-summer-games-2024,200,bn,,,
https://melbet.com/bn/line/horse-racing,200,bn,,,
https://melbet.com/bn/line/ice-hockey,200,bn,,,
https://melbet.com/bn/line/table-tennis,200,bn,,,
https://melbet.com/bn/line/volleyball,200,bn,,,
https://melbet.com/bn/live,200,bn,,,
https://melbet.com/bn/live/basketball,200,bn,,,
https://melbet.com/bn/live/cricket,200,bn,,,
https://melbet.com/bn/live/football,200,bn,,,
https://melbet.com/bn/live/horse-racing,200,bn,,,
https://melbet.com/bn/live/ice-hockey,200,bn,,,
https://melbet.com/bn/live/table-tennis,200,bn,,,
https://melbet.com/bn/live/volleyball,200,bn,,,
https://melbet.com/bn/mobile,200,bn,,,
https://melbet.com/bn/promo,200,bn,,,
https://melbet.com/bn/registration,200,bn,,,
https://melbet.com/bn/slots,200,bn,,,
https://melbet.com/bn/user/login,200,bn,,,
https://melbet.com/de,200,de,,,
https://melbet.com/de/allgamesentrance,200,de,,,
https://melbet.com/de/allgamesentrance/crash,200,de,,,
https://melbet.com/de/allgamesentrance/spinandwin,200,de,,,
https://melbet.com/de/allgamesentrance/vikings,200,de,,,
https://melbet.com/de/bonus/rules/1st,200,de,,,
https://melbet.com/de/casino,200,de,,,
https://melbet.com/de/line,200,de,,,
https://melbet.com/de/line/basketball,200,de,,,
https://melbet.com/de/line/cricket,200,de,,,
https://melbet.com/de/line/football,200,de,,,
https://melbet.com/de/line/football/2718323-olympic-summer-games-2024,200,de,,,
https://melbet.com/de/line/horse-racing,200,de,,,
https://melbet.com/de/line/ice-hockey,200,de,,,
https://melbet.com/de/line/table-tennis,200,de,,,
https://melbet.com/de/line/volleyball,200,de,,,
https://melbet.com/de/live,200,de,,,
https://melbet.com/de/live/basketball,200,de,,,
https://melbet.com/de/live/cricket,200,de,,,
https://melbet.com/de/live/football,200,de,,,
https://melbet.com/de/live/horse-racing,200,de,,,
https://melbet.com/de/live/ice-hockey,200,de,,,
https://melbet.com/de/live/table-tennis,200,de,,,
https://melbet.com/de/live/volleyball,200,de,,,
https://melbet.com/de/mobile,200,de,,,
https://melbet.com/de/promo,200,de,,,
https://melbet.com/de/registration,200,de,,,
https://melbet.com/de/slots,200,de,,,
https://melbet.com/de/user/login,200,de,,,
https://melbet.com/en,200,en,,,
https://melbet.com/en/allgamesentrance,200,en,,,
https://melbet.com/en/allgamesentrance/crash,200,en,,,
https://melbet.com/en/allgamesentrance/spinandwin,200,en,,,
https://melbet.com/en/allgamesentrance/vikings,200,en,,,
https://melbet.com/en/bonus/rules/1st,200,en,,,
https://melbet.com/en/casino,200,en,,,
https://melbet.com/en/line,200,en,,,
https://melbet.com/en/line/basketball,200,en,,,
https://melbet.com/en/line/cricket,200,en,,,
https://melbet.com/en/line/football,200,en,,,
https://melbet.com/en/line/football/2718323-olympic-summer-games-2024,200,en,,,
https://melbet.com/en/line/horse-racing,200,en,,,
https://melbet.com/en/line/ice-hockey,200,en,,,
https://melbet.com/en/line/table-tennis,200,en,,,
https://melbet.com/en/line/volleyball,200,en,,,
https://melbet.com/en/live,200,en,,,
https://melbet.com/en/live/basketball,200,en,,,
https://melbet.com/en/live/cricket,200,en,,,
https://melbet.com/en/live/football,200,en,,,
https://melbet.com/en/live/horse-racing,200,en,,,
https://melbet.com/en/live/ice-hockey,200,en,,,
https://melbet.com/en/live/table-tennis,200,en,,,
https://melbet.com/en/live/volleyball,200,en,,,
https://melbet.com/en/mobile,200,en,,,
https://melbet.com/en/promo,200,en,,,
https://melbet.com/en/registration,200,en,,,
https://melbet.com/en/slots,200,en,,,
https://melbet.com/en/user/login,200,en,,,
https://melbet.com/es,200,es,,,
https://melbet.com/es/allgamesentrance,200,es,,,
https://melbet.com/es/allgamesentrance/crash,200,es,,,
https://melbet.com/es/allgamesentrance/spinandwin,200,es,,,
https://melbet.com/es/allgamesentrance/vikings,200,es,,,
https://melbet.com/es/bonus/rules/1st,200,es,,,
https://melbet.com/es/casino,200,es,,,
https://melbet.com/es/line,200,es,,,
https://melbet.com/es/line/basketball,200,es,,,
https://melbet.com/es/line/cricket,200,es,,,
https://melbet.com/es/line/football,200,es,,,
https://melbet.com/es/line/football/2718323-olympic-summer-games-2024,200,es,,,
https://melbet.com/es/line/horse-racing,200,es,,,
https://melbet.com/es/line/ice-hockey,200,es,,,
https://melbet.com/es/line/table-tennis,200,es,,,
https://melbet.com/es/line/volleyball,200,es,,,
https://melbet.com/es/live,200,es,,,
https://melbet.com/es/live/basketball,200,es,,,
https://melbet.com/es/live/cricket,200,es,,,
https://melbet.com/es/live/football,200,es,,,
https://melbet.com/es/live/horse-racing,200,es,,,
https://melbet.com/es/live/ice-hockey,200,es,,,
https://melbet.com/es/live/table-tennis,200,es,,,
https://melbet.com/es/live/volleyball,200,es,,,
https://melbet.com/es/mobile,200,es,,,
https://melbet.com/es/promo,200,es,,,
https://melbet.com/es/registration,200,es,,,
https://melbet.com/es/slots,200,es,,,
https://melbet.com/es/user/login,200,es,,,
https://melbet.com/fr,200,fr,,,
https://melbet.com/fr/allgamesentrance,200,fr,,,
https://melbet.com/fr/allgamesentrance/crash,200,fr,,,
https://melbet.com/fr/allgamesentrance/spinandwin,200,fr,,,
https://melbet.com/fr/allgamesentrance/vikings,200,fr,,,
https://melbet.com/fr/bonus/rules/1st,200,fr,,,
https://melbet.com/fr/casino,200,fr,,,
https://melbet.com/fr/line,200,fr,,,
https://melbet.com/fr/line/basketball,200,fr,,,
https://melbet.com/fr/line/cricket,200,fr,,,
https://melbet.com/fr/line/football,200,fr,,,
https://melbet.com/fr/line/football/2718323-olympic-summer-games-2024,200,fr,,,
https://melbet.com/fr/line/horse-racing,200,fr,,,
https://melbet.com/fr/line/ice-hockey,200,fr,,,
https://melbet.com/fr/line/table-tennis,200,fr,,,
https://melbet.com/fr/line/volleyball,200,fr,,,
https://melbet.com/fr/live,200,fr,,,
https://melbet.com/fr/live/basketball,200,fr,,,
https://melbet.com/fr/live/cricket,200,fr,,,
https://melbet.com/fr/live/football,200,fr,,,
https://melbet.com/fr/live/horse-racing,200,fr,,,
https://melbet.com/fr/live/ice-hockey,200,fr,,,
https://melbet.com/fr/live/table-tennis,200,fr,,,
https://melbet.com/fr/live/volleyball,200,fr,,,
https://melbet.com/fr/mobile,200,fr,,,
https://melbet.com/fr/promo,200,fr,,,
https://melbet.com/fr/registration,200,fr,,,
https://melbet.com/fr/slots,200,fr,,,
https://melbet.com/fr/user/login,200,fr,,,
https://melbet.com/pt,200,pt,,,
https://melbet.com/pt/allgamesentrance,200,pt,,,
https://melbet.com/pt/allgamesentrance/crash,200,pt,,,
https://melbet.com/pt/allgamesentrance/spinandwin,200,pt,,,
https://melbet.com/pt/allgamesentrance/vikings,200,pt,,,
https://melbet.com/pt/bonus/rules/1st,200,pt,,,
https://melbet.com/pt/casino,200,pt,,,
https://melbet.com/pt/line,200,pt,,,
https://melbet.com/pt/line/basketball,200,pt,,,
https://melbet.com/pt/line/cricket,200,pt,,,
https://melbet.com/pt/line/football,200,pt,,,
https://melbet.com/pt/line/football/2718323-olympic-summer-games-2024,200,pt,,,
https://melbet.com/pt/line/horse-racing,200,pt,,,
https://melbet.com/pt/line/ice-hockey,200,pt,,,
https://melbet.com/pt/line/table-tennis,200,pt,,,
https://melbet.com/pt/line/volleyball,200,pt,,,
https://melbet.com/pt/live,200,pt,,,
https://melbet.com/pt/live/basketball,200,pt,,,
https://melbet.com/pt/live/cricket,200,pt,,,
https://melbet.com/pt/live/football,200,pt,,,
https://melbet.com/pt/live/horse-racing,200,pt,,,
https://melbet.com/pt/live/ice-hockey,200,pt,,,
https://melbet.com/pt/live/table-tennis,200,pt,,,
https://melbet.com/pt/live/volleyball,200,pt,,,
https://melbet.com/pt/mobile,200,pt,,,
https://melbet.com/pt/promo,200,pt,,,
https://melbet.com/pt/registration,200,pt,,,
https://melbet.com/pt/slots,200,pt,,,
https://melbet.com/pt/user/login,200,pt,,,
https://melbet.com/ru,200,ru,,,
https://melbet.com/ru/allgamesentrance,200,ru,,,
https://melbet.com/ru/allgamesentrance/crash,200,ru,,,
https://melbet.com/ru/allgamesentrance/spinandwin,200,ru,,,
https://melbet.com/ru/allgamesentrance/vikings,200,ru,,,
https://melbet.com/ru/bonus/rules/1st,200,ru,,,
https://melbet.com/ru/casino,200,ru,,,
https://melbet.com/ru/line,200,ru,,,
https://melbet.com/ru/line/basketball,200,ru,,,
https://melbet.com/ru/line/cricket,200,ru,,,
https://melbet.com/ru/line/football,200,ru,,,
https://melbet.com/ru/line/football/2718323-olympic-summer-games-2024,200,ru,,,
https://melbet.com/ru/line/horse-racing,200,ru,,,
https://melbet.com/ru/line/ice-hockey,200,ru,,,
https://melbet.com/ru/line/table-tennis,200,ru,,,
https://melbet.com/ru/line/volleyball,200,ru,,,
https://melbet.com/ru/live,200,ru,,,
https://melbet.com/ru/live/basketball,200,ru,,,
https://melbet.com/ru/live/cricket,200,ru,,,
https://melbet.com/ru/live/football,200,ru,,,
https://melbet.com/ru/live/horse-racing,200,ru,,,
https://melbet.com/ru/live/ice-hockey,200,ru,,,
https://melbet.com/ru/live/table-tennis,200,ru,,,
https://melbet.com/ru/live/volleyball,200,ru,,,
https://melbet.com/ru/mobile,200,ru,,,
https://melbet.com/ru/promo,200,ru,,,
https://melbet.com/ru/registration,200,ru,,,
https://melbet.com/ru/slots,200,ru,,,
https://melbet.com/ru/user/login,200,ru,,,
https://melbet.com/tr,200,tr,,,
https://melbet.com/tr/allgamesentrance,200,tr,,,
https://melbet.com/tr/allgamesentrance/crash,200,tr,,,
https://melbet.com/tr/allgamesentrance/spinandwin,200,tr,,,
https://melbet.com/tr/allgamesentrance/vikings,200,tr,,,
https://melbet.com/tr/bonus/rules/1st,200,tr,,,
https://melbet.com/tr/casino,200,tr,,,
https://melbet.com/tr/line,200,tr,,,
https://melbet.com/tr/line/basketball,200,tr,,,
https://melbet.com/tr/line/cricket,200,tr,,,
https://melbet.com/tr/line/football,200,tr,,,
https://melbet.com/tr/line/football/2718323-olympic-summer-games-2024,200,tr,,,
https://melbet.com/tr/line/horse-racing,200,tr,,,
https://melbet.com/tr/line/ice-hockey,200,tr,,,
https://melbet.com/tr/line/table-tennis,200,tr,,,
https://melbet.com/tr/line/volleyball,200,tr,,,
https://melbet.com/tr/live,200,tr,,,
https://melbet.com/tr/live/basketball,200,tr,,,
https://melbet.com/tr/live/cricket,200,tr,,,
https://melbet.com/tr/live/football,200,tr,,,
https://melbet.com/tr/live/horse-racing,200,tr,,,
https://melbet.com/tr/live/ice-hockey,200,tr,,,
https://melbet.com/tr/live/table-tennis,200,tr,,,
https://melbet.com/tr/live/volleyball,200,tr,,,
https://melbet.com/tr/mobile,200,tr,,,
https://melbet.com/tr/promo,200,tr,,,
https://melbet.com/tr/registration,200,tr,,,
https://melbet.com/tr/slots,200,tr,,,
https://melbet.com/tr/user/login,200,tr,,,